일자,종가,대비,등락률,시가,고가,저가,거래량,거래대금,시가총액,상장주식수
"2022/11/21","86300","-2100","-2.38","87600","87700","86100","2111523","182763598700","62826604099500","728002365"
"2022/11/18","88400","700","0.80","88700","91500","88100","2981192","267105986700","64355409066000","728002365"
"2022/11/17","87700","-3800","-4.15","82400","88500","82000","3703870","323608613600","63845807410500","728002365"
"2022/11/16","91500","-100","-0.11","92000","92400","90300","2609199","238677656700","66612216397500","728002365"
"2022/11/15","91600","700","0.77","91300","92100","90400","2460465","224722829263","66685016634000","728002365"
"2022/11/14","90900","-2600","-2.78","93900","93900","90900","2483441","227841495800","66175414978500","728002365"
"2022/11/11","93500","4400","4.94","95200","95300","92500","5002149","468889493882","68068221127500","728002365"
"2022/11/10","89100","-100","-0.11","89000","90800","88300","3856811","345585623552","64865010721500","728002365"
"2022/11/09","89200","1500","1.71","88100","89200","86600","2619752","231597454400","64937810958000","728002365"
"2022/11/08","87700","1200","1.39","87600","89000","87400","2799575","246892477700","63845807410500","728002365"
"2022/11/07","86500","2000","2.37","85400","86800","85000","2765284","238246097100","62972204572500","728002365"
"2022/11/04","84500","1800","2.18","82700","84600","81700","3032985","252333968000","61516199842500","728002365"
"2022/11/03","82700","-1800","-2.13","82600","83500","81900","2901380","240312463400","60205795585500","728002365"
"2022/11/02","84500","600","0.72","84200","85500","83600","2536363","215008401184","61516199842500","728002365"
"2022/11/01","83900","1200","1.45","82700","83900","81400","3820185","316973841612","61079398423500","728002365"
"2022/10/31","82700","-700","-0.84","84300","85400","82400","6271574","524946910700","60205795585500","728002365"
"2022/10/28","83400","-6600","-7.33","87100","87800","83000","7748514","658733740180","60715397241000","728002365"
"2022/10/27","90000","-3900","-4.15","95100","95100","89800","4550273","417479104112","65520212850000","728002365"
"2022/10/26","93900","400","0.43","93300","95500","93200","3310322","313156219700","68359422073500","728002365"
"2022/10/25","93500","1700","1.85","91900","94800","91000","2656194","248751488800","68068221127500","728002365"
"2022/10/24","91800","1300","1.44","92200","93100","91200","2165991","199715515400","66830617107000","728002365"
"2022/10/21","90500","300","0.33","89800","91400","89700","2206754","200305713600","65884214032500","728002365"
"2022/10/20","90200","-2700","-2.91","91000","91800","89000","4547678","409443868100","65665813323000","728002365"
"2022/10/19","92900","-2900","-3.03","94700","94900","92700","3684934","344615733005","67631419708500","728002365"
"2022/10/18","95800","600","0.63","95900","96200","94600","2618680","249330141200","69742626567000","728002365"
"2022/10/17","95200","-300","-0.31","94600","95300","94000","2134558","202198364600","69305825148000","728002365"
"2022/10/14","95500","600","0.63","96000","96600","94300","3516437","334828561464","69524225857500","728002365"
"2022/10/13","94900","900","0.96","93400","94900","92800","4390570","413619747582","69087424438500","728002365"
"2022/10/12","94000","3800","4.21","91000","94000","90900","4648231","430456023300","68432222310000","728002365"
"2022/10/11","90200","-1000","-1.10","89700","91200","88000","3840842","344912165400","65665813323000","728002365"
"2022/10/07","91200","1300","1.45","89600","91800","87800","3100583","280262013777","66393815688000","728002365"
"2022/10/06","89900","100","0.11","90900","92000","89800","3039698","275694996677","65447412613500","728002365"
"2022/10/05","89800","3600","4.18","90000","90400","88100","5927256","529349727543","65374612377000","728002365"
"2022/10/04","86200","3100","3.73","85200","87200","85200","4277404","369025972586","62753803863000","728002365"
"2022/09/30","83100","2300","2.85","80900","83900","80400","4711130","389466671870","60496996531500","728002365"
"2022/09/29","80800","-400","-0.49","82500","82900","80500","2064798","168860306500","58822591092000","728002365"
"2022/09/28","81200","-800","-0.98","81900","83500","80500","3068181","250759550200","59113792038000","728002365"
"2022/09/27","82000","-500","-0.61","82200","82700","80700","2606333","212481807800","59696193930000","728002365"
"2022/09/26","82500","-1000","-1.20","81500","83200","81500","3281145","270406192400","60060195112500","728002365"
"2022/09/23","83500","-2500","-2.91","85500","86600","83300","3932242","331082832100","60788197477500","728002365"
"2022/09/22","86000","-2000","-2.27","86300","86900","85900","2204430","190097055600","62608203390000","728002365"
"2022/09/21","88000","0","0.00","87500","88500","86300","2954420","258367974050","64064208120000","728002365"
"2022/09/20","88000","-2000","-2.22","89000","90600","87500","4259789","377081451100","64064208120000","728002365"
"2022/09/19","90000","-1200","-1.32","90800","91500","90000","2078633","187933896900","65520212850000","728002365"
"2022/09/16","91200","-800","-0.87","90900","91400","90000","2243179","202932180200","66393815688000","728002365"
"2022/09/15","92000","-1000","-1.08","92900","93000","91500","1755820","161780125750","66976217580000","728002365"
"2022/09/14","93000","-1800","-1.90","91700","93400","91300","2444928","225687228700","67704219945000","728002365"
"2022/09/13","94800","4400","4.87","91700","95200","91700","3288428","307822983700","69014624202000","728002365"
"2022/09/08","90400","0","0.00","90500","91000","90000","2012123","181857897400","65811413796000","728002365"
"2022/09/07","90400","-1400","-1.53","91100","91100","89900","2053413","185294122800","65811413796000","728002365"
"2022/09/06","91800","700","0.77","91900","92900","91100","1389821","127635016700","66830617107000","728002365"
"2022/09/05","91100","-600","-0.65","91800","92400","90400","1706148","155580540800","66321015451500","728002365"
"2022/09/02","91700","-700","-0.76","92700","93300","91600","2036818","187983351400","66757816870500","728002365"
"2022/09/01","92400","-2800","-2.94","93900","93900","92300","2337521","216798395700","67267418526000","728002365"
"2022/08/31","95200","2000","2.15","92600","95500","92100","2421669","228286190480","69305825148000","728002365"
"2022/08/30","93200","700","0.76","92700","93400","92400","1595242","148058566200","67849820418000","728002365"
"2022/08/29","92500","-2600","-2.73","92700","93300","92000","2619260","241961435200","67340218762500","728002365"
"2022/08/26","95100","1000","1.06","95400","96800","94700","2301949","219965058400","69233024911500","728002365"
"2022/08/25","94100","900","0.97","93600","94100","92100","2189458","204612857400","68505022546500","728002365"
"2022/08/24","93200","-400","-0.43","93900","94200","93000","1447036","135255103300","67849820418000","728002365"
"2022/08/23","93600","-1600","-1.68","94100","95400","93600","1932822","182136272000","68141021364000","728002365"
"2022/08/22","95200","-1200","-1.24","95200","95600","94000","2293601","217611164989","69305825148000","728002365"
"2022/08/19","96400","700","0.73","97000","97500","95900","1890839","183002249900","70179427986000","728002365"
"2022/08/18","95700","-1400","-1.44","95900","96400","95300","1889587","180883903300","69669826330500","728002365"
"2022/08/17","97100","400","0.41","96800","97600","95900","1764674","170779402300","70689029641500","728002365"
"2022/08/16","96700","3400","3.64","94500","97600","94400","4267280","411907055726","70397828695500","728002365"
"2022/08/12","93300","0","0.00","92800","94400","92600","1910127","178991479200","67922620654500","728002365"
"2022/08/11","93300","1500","1.63","93500","94400","92600","5206962","486250440600","67922620654500","728002365"
"2022/08/10","91800","-3300","-3.47","91800","93000","91800","4356568","401100880900","66830617107000","728002365"
"2022/08/09","95100","-1200","-1.25","96000","96100","94500","3152955","299582643300","69233024911500","728002365"
"2022/08/08","96300","-2200","-2.23","97700","97700","95800","3206548","308609577400","70106627749500","728002365"
"2022/08/05","98500","1000","1.03","98100","98700","97400","2052852","201487221500","71708232952500","728002365"
"2022/08/04","97500","0","0.00","98000","98100","97100","1960526","191399858800","70980230587500","728002365"
"2022/08/03","97500","1000","1.04","96900","97500","96100","1703330","165151135000","70980230587500","728002365"
"2022/08/02","96500","-600","-0.62","97200","97200","96200","1916851","185073501100","70252228222500","728002365"
"2022/08/01","97100","-800","-0.82","97200","98100","96500","2007646","195150654462","70689029641500","728002365"
"2022/07/29","97900","-1500","-1.51","99900","100000","97400","3899079","382602153100","71271431533500","728002365"
"2022/07/28","99400","-600","-0.60","101000","101500","98900","3359717","335356694300","72363435081000","728002365"
"2022/07/27","100000","-500","-0.50","101000","101500","98600","3159499","315123152800","72800236500000","728002365"
"2022/07/26","100500","500","0.50","100500","101000","99100","1636970","164328558800","73164237682500","728002365"
"2022/07/25","100000","0","0.00","99100","101500","98900","2185108","219113615100","72800236500000","728002365"
"2022/07/22","100000","-2500","-2.44","102500","102500","100000","3126556","315391441000","72800236500000","728002365"
"2022/07/21","102500","500","0.49","102000","103000","100500","2143984","218487709000","74620242412500","728002365"
"2022/07/20","102000","2000","2.00","103000","104500","101000","3981053","406686893500","74256241230000","728002365"
"2022/07/19","100000","-1000","-0.99","100000","100500","98700","2709084","269911638800","72800236500000","728002365"
"2022/07/18","101000","2300","2.33","101000","103500","100000","4564780","464011815400","73528238865000","728002365"
"2022/07/15","98700","4700","5.00","95900","99000","95500","4457208","434627155600","71853833425500","728002365"
"2022/07/14","94000","0","0.00","92800","95500","92300","2550307","239956379900","68432222310000","728002365"
"2022/07/13","94000","700","0.75","94600","96400","93800","2721816","258620343000","68432222310000","728002365"
"2022/07/12","93300","-400","-0.43","94000","94000","91700","2385688","221641294600","67922620654500","728002365"
"2022/07/11","93700","-1100","-1.16","95000","95700","93500","1885425","178083167400","68213821600500","728002365"
"2022/07/08","94800","900","0.96","95900","96500","94500","2814478","269081541900","69014624202000","728002365"
"2022/07/07","93900","1800","1.95","91300","95200","91300","3330794","313090153800","68359422073500","728002365"
"2022/07/06","92100","-400","-0.43","92800","93600","90900","3981326","367383115600","67049017816500","728002365"
"2022/07/05","92500","3400","3.82","90400","93400","90400","3560085","328065708900","67340218762500","728002365"
"2022/07/04","89100","1600","1.83","87500","89600","86300","4331728","382388292200","64865010721500","728002365"
"2022/07/01","87500","-3500","-3.85","91000","92500","87100","4959176","440689971812","63700206937500","728002365"
"2022/06/30","91000","-3000","-3.19","91500","93100","91000","3098854","284596262600","66248215215000","728002365"
"2022/06/29","94000","-1300","-1.36","93300","94900","92900","2529973","237096895400","68432222310000","728002365"
"2022/06/28","95300","300","0.32","94500","95300","93700","2022966","191563545550","69378625384500","728002365"
"2022/06/27","95000","3400","3.71","92700","96100","92600","3408749","322782387700","69160224675000","728002365"
"2022/06/24","91600","1400","1.55","90500","92000","90500","3045970","278278274300","66685016634000","728002365"
"2022/06/23","90200","-2000","-2.17","92100","93000","89700","3983116","362603763000","65665813323000","728002365"
"2022/06/22","92200","-3000","-3.15","95700","95700","91700","3509830","326448858700","67121818053000","728002365"
"2022/06/21","95200","700","0.74","94700","95900","93900","2707302","256916587444","69305825148000","728002365"
"2022/06/20","94500","-1900","-1.97","96700","96800","93100","2386222","224647331300","68796223492500","728002365"
"2022/06/17","96400","-1000","-1.03","95100","96400","95000","3965464","379777056285","70179427986000","728002365"
"2022/06/16","97400","-500","-0.51","99900","101500","97100","3810703","379577327900","70907430351000","728002365"
"2022/06/15","97900","-1200","-1.21","98500","98900","96700","2578500","251800088000","71271431533500","728002365"
"2022/06/14","99100","100","0.10","96900","99600","96800","3242550","319154836100","72145034371500","728002365"
"2022/06/13","99000","-4500","-4.35","100000","101000","99000","4133447","412791154508","72072234135000","728002365"
"2022/06/10","103500","-2000","-1.90","104000","104500","102500","3480289","358674454500","75348244777500","728002365"
"2022/06/09","105500","-500","-0.47","105500","107000","104500","4640744","491231766000","76804249507500","728002365"
"2022/06/08","106000","2000","1.92","104500","107500","104500","3075530","326582976052","77168250690000","728002365"
"2022/06/07","104000","-3000","-2.80","105500","106000","103500","3174521","332407380500","75712245960000","728002365"
"2022/06/03","107000","0","0.00","108000","108500","107000","1638006","176160698000","77896253055000","728002365"
"2022/06/02","107000","-1000","-0.93","106000","107500","106000","3097583","330342100540","77896253055000","728002365"
"2022/05/31","108000","1000","0.93","106500","108000","105500","4024509","431706106000","78624255420000","728002365"
"2022/05/30","107000","1000","0.94","108000","108000","106000","2054526","219413029151","77896253055000","728002365"
"2022/05/27","106000","3000","2.91","105500","107000","105000","3686487","390822023500","77168250690000","728002365"
"2022/05/26","103000","-5000","-4.63","107500","108500","101500","8523001","893078934000","74984243595000","728002365"
"2022/05/25","108000","-500","-0.46","109500","110000","107000","4151560","449253686500","78624255420000","728002365"
"2022/05/24","108500","-4500","-3.98","111500","112000","108500","4491835","493006547000","78988256602500","728002365"
"2022/05/23","113000","500","0.44","113000","113500","111000","3160028","355053959000","82264267245000","728002365"
"2022/05/20","112500","1500","1.35","111500","113000","111000","2398978","269003284000","81900266062500","728002365"
"2022/05/19","111000","-2500","-2.20","110500","112500","110000","3680049","409121264500","80808262515000","728002365"
"2022/05/18","113500","1000","0.89","114000","115000","113000","3570113","407130704500","82628268427500","728002365"
"2022/05/17","112500","2000","1.81","111000","113000","110500","2056143","230228679500","81900266062500","728002365"
"2022/05/16","110500","-2000","-1.78","113500","114000","110000","3930044","437751618500","80444261332500","728002365"
"2022/05/13","112500","3500","3.21","109000","112500","109000","4003349","446418243500","81900266062500","728002365"
"2022/05/12","109000","-1500","-1.36","109500","111500","108500","4132948","453649533500","79352257785000","728002365"
"2022/05/11","110500","500","0.45","110500","112500","108000","3658168","404954668500","80444261332500","728002365"
"2022/05/10","110000","2500","2.33","107000","111000","107000","4141923","450008878000","80080260150000","728002365"
"2022/05/09","107500","0","0.00","107000","109000","106500","2203472","237914727500","78260254237500","728002365"
"2022/05/06","107500","-2000","-1.83","108000","108500","106500","2566813","276060648705","78260254237500","728002365"
"2022/05/04","109500","-500","-0.45","110500","111000","108500","2491890","272895368240","79716258967500","728002365"
"2022/05/03","110000","-500","-0.45","111000","112000","109500","2676115","296292858500","80080260150000","728002365"
"2022/05/02","110500","-2000","-1.78","110000","111500","110000","2175384","240458517500","80444261332500","728002365"
"2022/04/29","112500","3000","2.74","110000","112500","109500","3752415","418644000000","81900266062500","728002365"
"2022/04/28","109500","1000","0.92","109500","110000","108000","2804966","305740621500","79716258967500","728002365"
"2022/04/27","108500","-2500","-2.25","108000","109500","107500","3261290","352792663045","78988256602500","728002365"
"2022/04/26","111000","3000","2.78","109500","111000","108000","2969516","325299479000","80808262515000","728002365"
"2022/04/25","108000","-2500","-2.26","109000","109500","108000","2282343","247214177500","78624255420000","728002365"
"2022/04/22","110500","-2500","-2.21","110500","112000","110500","2360834","261795079000","80444261332500","728002365"
"2022/04/21","113000","500","0.44","112500","115000","112500","3199858","364498039000","82264267245000","728002365"
"2022/04/20","112500","0","0.00","112500","113000","111000","2905007","325207220500","81900266062500","728002365"
"2022/04/19","112500","3500","3.21","110000","112500","109500","3021192","337878469500","81900266062500","728002365"
"2022/04/18","109000","1000","0.93","107000","109500","106500","2670439","289567673000","79352257785000","728002365"
"2022/04/15","108000","-2000","-1.82","108000","108500","107000","3694012","397259250000","78624255420000","728002365"
"2022/04/14","110000","-3000","-2.65","113000","113000","110000","4715700","522072911000","80080260150000","728002365"
"2022/04/13","113000","2000","1.80","112000","113000","111000","2484490","278810904000","82264267245000","728002365"
"2022/04/12","111000","-500","-0.45","110500","113000","110500","2738163","305373585500","80808262515000","728002365"
"2022/04/11","111500","-500","-0.45","111000","113000","110500","2390786","266927086000","81172263697500","728002365"
"2022/04/08","112000","-1500","-1.32","113000","114000","110500","4268316","478158280000","81536264880000","728002365"
"2022/04/07","113500","500","0.44","111500","114500","110500","5027865","564777583500","82628268427500","728002365"
"2022/04/06","113000","-3500","-3.00","114500","115500","113000","4541938","515844891500","82264267245000","728002365"
"2022/04/05","116500","-500","-0.43","117500","118000","116000","2101474","245221124000","84812275522500","728002365"
"2022/04/04","117000","1000","0.86","115000","117500","114500","2470792","286487173000","85176276705000","728002365"
"2022/04/01","116000","-2000","-1.69","117000","117500","116000","3851558","448384562000","84448274340000","728002365"
"2022/03/31","118000","-3000","-2.48","119500","120000","117500","4558063","541078296000","85904279070000","728002365"
"2022/03/30","121000","1000","0.83","123000","123000","120500","3436282","418424383000","88088286165000","728002365"
"2022/03/29","120000","2000","1.69","119500","120500","118500","3375247","403039899000","87360283800000","728002365"
"2022/03/28","118000","0","0.00","117500","119500","116500","3234792","382155919000","85904279070000","728002365"
"2022/03/25","118000","-2500","-2.07","122000","123000","118000","5514940","657415420500","85904279070000","728002365"
"2022/03/24","120500","-3000","-2.43","121000","122000","119500","4215272","507615750500","87724284982500","728002365"
"2022/03/23","123500","0","0.00","124000","124500","122000","4085633","502102130435","89908292077500","728002365"
"2022/03/22","123500","1500","1.23","121000","124000","121000","2246439","275489017000","89908292077500","728002365"
"2022/03/21","122000","-2000","-1.61","124000","124500","121000","3433809","419325638500","88816288530000","728002365"
"2022/03/18","124000","0","0.00","124000","125000","121000","4493159","552672916000","90272293260000","728002365"
"2022/03/17","124000","7500","6.44","121000","124500","121000","7219813","886591077500","90272293260000","728002365"
"2022/03/16","116500","4000","3.56","115000","117000","114000","3739977","431645677000","84812275522500","728002365"
"2022/03/15","112500","-3500","-3.02","114500","115500","112000","3578256","404689423000","81900266062500","728002365"
"2022/03/14","116000","-1000","-0.85","115500","117000","114500","3172353","366557933000","84448274340000","728002365"
"2022/03/11","117000","-3000","-2.50","118500","119000","115500","3087532","360482875000","85176276705000","728002365"
"2022/03/10","120000","2000","1.69","121000","121500","118500","3912683","470385190000","87360283800000","728002365"
"2022/03/08","118000","-1500","-1.26","117000","119500","116500","3619045","427717571500","85904279070000","728002365"
"2022/03/07","119500","-5000","-4.02","119000","121000","119000","5203286","623418762500","86996282617500","728002365"
"2022/03/04","124500","-4500","-3.49","127500","128000","124000","3249773","406303906500","90636294442500","728002365"
"2022/03/03","129000","4000","3.20","128000","129500","127000","3088097","396561962000","93912305085000","728002365"
"2022/03/02","125000","1500","1.21","124500","126500","123000","2903340","361484132000","91000295625000","728002365"
"2022/02/28","123500","500","0.41","123000","123500","121000","3224264","395526449500","89908292077500","728002365"
"2022/02/25","123000","500","0.41","125500","126000","122500","3309625","410516337000","89544290895000","728002365"
"2022/02/24","122500","-6000","-4.67","125500","126000","122000","5748069","709502116804","89180289712500","728002365"
"2022/02/23","128500","0","0.00","130000","130500","127000","2752112","353756696750","93548303902500","728002365"
"2022/02/22","128500","-1500","-1.15","127000","129500","126000","3179806","405764197000","93548303902500","728002365"
"2022/02/21","130000","-1500","-1.14","129000","130500","127000","4048108","521940432500","94640307450000","728002365"
"2022/02/18","131500","-1500","-1.13","131500","133000","129500","3108887","407714952500","95732310997500","728002365"
"2022/02/17","133000","2500","1.92","130500","134000","130000","5433402","719950695198","96824314545000","728002365"
"2022/02/16","130500","3500","2.76","131000","132500","130000","3499809","459242437500","95004308632500","728002365"
"2022/02/15","127000","-5500","-4.15","131500","132000","127000","5097120","656447949000","92456300355000","728002365"
"2022/02/14","132500","500","0.38","130000","132500","129500","4962205","652422384500","96460313362500","728002365"
"2022/02/11","132000","2500","1.93","130500","132500","130000","6057207","795970823637","96096312180000","728002365"
"2022/02/10","129500","3500","2.78","129000","131000","127000","7269729","939935633500","94276306267500","728002365"
"2022/02/09","126000","1000","0.80","127000","128000","124500","4339337","548846549000","91728297990000","728002365"
"2022/02/08","125000","2000","1.63","124500","126000","123500","4054097","506437193000","91000295625000","728002365"
"2022/02/07","123000","-1500","-1.20","123000","123500","119500","4804261","583282342500","89544290895000","728002365"
"2022/02/04","124500","500","0.40","125500","127000","124000","3037097","379979452500","90636294442500","728002365"
"2022/02/03","124000","3500","2.90","124500","127000","124000","5171178","647974457000","90272293260000","728002365"
"2022/01/28","120500","7000","6.17","115000","121500","114500","4776510","568486717500","87724284982500","728002365"
"2022/01/27","113500","-4000","-3.40","119500","119500","111000","6679404","761226879000","82628268427500","728002365"
"2022/01/26","117500","-500","-0.42","119000","119500","117500","3416240","404643108500","85540277887500","728002365"
"2022/01/25","118000","-1000","-0.84","118000","120000","116500","5702595","672613722109","85904279070000","728002365"
"2022/01/24","119000","0","0.00","116500","120500","116500","4883822","577393696500","86632281435000","728002365"
"2022/01/21","119000","-6000","-4.80","121500","122500","118000","6465040","774548223500","86632281435000","728002365"
"2022/01/20","125000","-2000","-1.57","126000","126500","123500","5441986","677312323500","91000295625000","728002365"
"2022/01/19","127000","500","0.40","123500","128500","123500","4094609","517204557500","92456300355000","728002365"
"2022/01/18","126500","-500","-0.39","126500","127500","125000","3607850","455389993500","92092299172500","728002365"
"2022/01/17","127000","-1500","-1.17","127500","128000","124500","3730393","470158740000","92456300355000","728002365"
"2022/01/14","128500","-1000","-0.77","128500","129000","126000","3769648","479418370000","93548303902500","728002365"
"2022/01/13","129500","1000","0.78","128500","130000","128000","4155984","536433810500","94276306267500","728002365"
"2022/01/12","128500","500","0.39","129500","130000","126500","3552174","455036905500","93548303902500","728002365"
"2022/01/11","128000","3500","2.81","125500","128500","124500","3958787","502323396739","93184302720000","728002365"
"2022/01/10","124500","-2500","-1.97","126500","127000","123000","3449197","428295041000","90636294442500","728002365"
"2022/01/07","127000","2000","1.60","127000","129000","126500","3270119","417803212500","92456300355000","728002365"
"2022/01/06","125000","-500","-0.40","123500","127000","123000","3725569","466796608500","91000295625000","728002365"
"2022/01/05","125500","-3000","-2.33","129000","129000","121500","7414954","921467697500","91364296807500","728002365"
"2022/01/04","128500","0","0.00","129500","130000","127500","3622369","466570764500","93548303902500","728002365"
"2022/01/03","128500","-2500","-1.91","132000","132500","128000","3782213","490940041000","93548303902500","728002365"
"2021/12/30","131000","4000","3.15","131000","133500","130000","5172987","679015510000","95368309815000","728002365"
"2021/12/29","127000","-500","-0.39","127500","128500","125500","3832154","486662008000","92456300355000","728002365"
"2021/12/28","127500","1500","1.19","126500","128000","124500","4086063","514250426500","92820301537500","728002365"
"2021/12/27","126000","-2000","-1.56","128500","129000","126000","2684135","341063850000","91728297990000","728002365"
"2021/12/24","128000","500","0.39","129000","130000","128000","2462683","317105459500","93184302720000","728002365"
"2021/12/23","127500","500","0.39","129000","129000","126500","2398358","305473862500","92820301537500","728002365"
"2021/12/22","127000","2500","2.01","127500","128500","126000","3817689","485765542000","92456300355000","728002365"
"2021/12/21","124500","4000","3.32","124000","124500","122500","3678590","456218755750","90636294442500","728002365"
"2021/12/20","120500","-1500","-1.23","121500","123500","120500","2846815","346125412636","87724284982500","728002365"
"2021/12/17","122000","-2000","-1.61","120500","123000","120500","3850444","468341839000","88816288530000","728002365"
"2021/12/16","124000","500","0.40","125000","125500","122500","3869086","479279591000","90272293260000","728002365"
"2021/12/15","123500","2500","2.07","120000","123500","120000","2681332","327764280000","89908292077500","728002365"
"2021/12/14","121000","-500","-0.41","120500","123000","120000","2201003","266372613500","88088286165000","728002365"
"2021/12/13","121500","1000","0.83","121000","124000","121000","3329176","408531347500","88452287347500","728002365"
"2021/12/10","120500","-3000","-2.43","120500","121500","119500","2512642","302355110093","87724284982500","728002365"
"2021/12/09","123500","3500","2.92","120500","123500","119000","5631833","689409143200","89908292077500","728002365"
"2021/12/08","120000","-1500","-1.23","124000","125000","119500","6168137","752879680500","87360283800000","728002365"
"2021/12/07","121500","3000","2.53","119000","122500","118000","5112025","617725173500","88452287347500","728002365"
"2021/12/06","118500","500","0.42","116000","119000","115500","4318893","507851262000","86268280252500","728002365"
"2021/12/03","118000","-2000","-1.67","119000","119500","115500","4567843","537427299761","85904279070000","728002365"
"2021/12/02","120000","3500","3.00","115500","120500","115000","6980518","831750593692","87360283800000","728002365"
"2021/12/01","116500","2500","2.19","114500","117500","112000","4214135","484482748500","84812275522500","728002365"
"2021/11/30","114000","-2000","-1.72","118000","119000","112500","7449608","861327494786","82992269610000","728002365"
"2021/11/29","116000","500","0.43","113000","118500","113000","4412863","514357620020","84448274340000","728002365"
"2021/11/26","115500","-2000","-1.70","116500","118500","113000","4337936","502130486360","84084273157500","728002365"
"2021/11/25","117500","-2000","-1.67","120500","121000","117000","3339835","395199192000","85540277887500","728002365"
"2021/11/24","119500","500","0.42","120500","122500","118000","4001111","479194804000","86996282617500","728002365"
"2021/11/23","119000","-500","-0.42","119500","121000","117500","4847270","578483844000","86632281435000","728002365"
"2021/11/22","119500","8000","7.17","116500","121000","116000","9786492","1166463215825","86996282617500","728002365"
"2021/11/19","111500","1500","1.36","110000","112500","110000","2324668","258662968500","81172263697500","728002365"
"2021/11/18","110000","-500","-0.45","110000","111000","109000","1928891","212341653500","80080260150000","728002365"
"2021/11/17","110500","-1500","-1.34","113000","113000","110000","3062491","338946492000","80444261332500","728002365"
"2021/11/16","112000","1000","0.90","111000","113000","109000","3767311","420122536000","81536264880000","728002365"
"2021/11/15","111000","4500","4.23","108500","111500","108000","4701568","520375013000","80808262515000","728002365"
"2021/11/12","106500","-1000","-0.93","109000","109500","105500","1786165","191349195500","77532251872500","728002365"
"2021/11/11","107500","-1000","-0.92","107500","108000","105500","2731498","292597172000","78260254237500","728002365"
"2021/11/10","108500","-500","-0.46","108500","109500","107500","2361295","256342441500","78988256602500","728002365"
"2021/11/09","109000","1500","1.40","108000","110000","107500","3440686","373692083000","79352257785000","728002365"
"2021/11/08","107500","500","0.47","107000","108000","104000","2212348","234661886288","78260254237500","728002365"
"2021/11/05","107000","1000","0.94","108000","108500","105500","2523345","270381389476","77896253055000","728002365"
"2021/11/04","106000","500","0.47","107000","108000","105500","2059242","220087063000","77168250690000","728002365"
"2021/11/03","105500","-2000","-1.86","108500","109000","104500","3116506","332050857750","76804249507500","728002365"
"2021/11/02","107500","1000","0.94","107000","108500","106500","2892292","311461835500","78260254237500","728002365"
"2021/11/01","106500","3500","3.40","103500","107000","102500","3118661","329822915500","77532251872500","728002365"
"2021/10/29","103000","-3500","-3.29","107000","108500","103000","4007223","419885767028","74984243595000","728002365"
"2021/10/28","106500","5000","4.93","102000","107500","101500","6329703","669797071750","77532251872500","728002365"
"2021/10/27","101500","-500","-0.49","103000","104000","101500","2859255","293196594000","73892240047500","728002365"
"2021/10/26","102000","2000","2.00","101500","103500","101000","3458645","354502370500","74256241230000","728002365"
"2021/10/25","100000","1500","1.52","99500","101500","98300","2950459","296226789100","72800236500000","728002365"
"2021/10/22","98500","2200","2.28","95500","99200","95500","1962833","192029886100","71708232952500","728002365"
"2021/10/21","96300","-1600","-1.63","97300","98300","96100","2152221","209285344950","70106627749500","728002365"
"2021/10/20","97900","200","0.20","98200","98600","97200","2010529","197390236450","71271431533500","728002365"
"2021/10/19","97700","600","0.62","98600","98600","97100","1400175","136864553900","71125831060500","728002365"
"2021/10/18","97100","-1300","-1.32","98300","98300","96700","2111399","205541402600","70689029641500","728002365"
"2021/10/15","98400","4600","4.90","96000","98500","95700","4229748","410989595150","71635432716000","728002365"
"2021/10/14","93800","1800","1.96","92400","94500","92100","2414639","225994882500","68286621837000","728002365"
"2021/10/13","92000","500","0.55","90900","93500","90500","3045438","281114919200","66976217580000","728002365"
"2021/10/12","91500","-2500","-2.66","92400","92900","90800","4728215","434375175502","66612216397500","728002365"
"2021/10/08","94000","-1700","-1.78","96200","96300","93500","4098832","386100145500","68432222310000","728002365"
"2021/10/07","95700","-800","-0.83","96300","96800","95000","3834957","367445240600","69669826330500","728002365"
"2021/10/06","96500","-1400","-1.43","98400","98700","95800","2816951","272987613500","70252228222500","728002365"
"2021/10/05","97900","-2100","-2.10","98900","99500","97200","3244145","317776292500","71271431533500","728002365"
"2021/10/01","100000","-3000","-2.91","102000","102500","100000","2681124","270093983500","72800236500000","728002365"
"2021/09/30","103000","3000","3.00","99900","103500","99600","3910557","398749751000","74984243595000","728002365"
"2021/09/29","100000","-3500","-3.38","101000","102000","99700","6353977","637439976900","72800236500000","728002365"
"2021/09/28","103500","-1000","-0.96","105000","105500","103000","2951945","306328082384","75348244777500","728002365"
"2021/09/27","104500","500","0.48","104000","105500","103500","1839358","192456989015","76076247142500","728002365"
"2021/09/24","104000","-1500","-1.42","106000","106500","104000","2236954","234364730900","75712245960000","728002365"
"2021/09/23","105500","-1500","-1.40","105500","107000","105000","2493313","264307905000","76804249507500","728002365"
"2021/09/17","107000","3000","2.88","104500","107500","104000","3386517","359100724676","77896253055000","728002365"
"2021/09/16","104000","-3500","-3.26","107000","107500","104000","3602821","377545296500","75712245960000","728002365"
"2021/09/15","107500","0","0.00","107500","107500","105500","2933797","313065621522","78260254237500","728002365"
"2021/09/14","107500","1000","0.94","107500","108500","106500","2463248","265228954000","78260254237500","728002365"
"2021/09/13","106500","1500","1.43","105000","107000","104000","1923344","203945798000","77532251872500","728002365"
"2021/09/10","105000","2000","1.94","103500","105500","103000","1999369","208765953000","76440248325000","728002365"
"2021/09/09","103000","-3000","-2.83","105000","106000","103000","3233011","335548149250","74984243595000","728002365"
"2021/09/08","106000","1500","1.44","104000","107500","103500","2891267","306049902100","77168250690000","728002365"
"2021/09/07","104500","-1500","-1.42","105500","106000","104000","2547667","266814694452","76076247142500","728002365"
"2021/09/06","106000","-1000","-0.93","106500","107000","105000","1888595","200100469000","77168250690000","728002365"
"2021/09/03","107000","500","0.47","106500","107500","106000","2513486","268190741250","77896253055000","728002365"
"2021/09/02","106500","-1500","-1.39","108000","108500","106000","2724565","291366944000","77532251872500","728002365"
"2021/09/01","108000","1500","1.41","106000","108000","104500","4736183","504301592000","78624255420000","728002365"
"2021/08/31","106500","3000","2.90","103500","106500","102000","4979276","520811866500","77532251872500","728002365"
"2021/08/30","103500","0","0.00","105000","105500","103500","1815758","188840484000","75348244777500","728002365"
"2021/08/27","103500","-500","-0.48","103500","104500","101000","3507782","360580367000","75348244777500","728002365"
"2021/08/26","104000","500","0.48","106000","106500","103500","3694741","387620188000","75712245960000","728002365"
"2021/08/25","103500","-1500","-1.43","106000","106000","102500","3194555","331965325500","75348244777500","728002365"
"2021/08/24","105000","2000","1.94","104500","105500","104000","4454743","467564469000","76440248325000","728002365"
"2021/08/23","103000","500","0.49","104500","105000","103000","4515699","470160531000","74984243595000","728002365"
"2021/08/20","102500","0","0.00","104000","104500","102000","4719139","485591369000","74620242412500","728002365"
"2021/08/19","102500","-1500","-1.44","103000","105500","101500","6161038","635489333500","74620242412500","728002365"
"2021/08/18","104000","2500","2.46","103000","105500","101500","8047599","833497118168","75712245960000","728002365"
"2021/08/17","101500","0","0.00","101000","103500","100500","7851717","799844118050","73892240047500","728002365"
"2021/08/13","101500","1000","1.00","99600","101500","98900","11622957","1163592210610","73892240047500","728002365"
"2021/08/12","100500","-5000","-4.74","102000","104000","99800","19150647","1936648003175","73164237682500","728002365"
"2021/08/11","105500","-7000","-6.22","109000","110000","105000","13715267","1465523476250","76804249507500","728002365"
"2021/08/10","112500","-3500","-3.02","115000","115500","112000","5420223","611419233000","81900266062500","728002365"
"2021/08/09","116000","-2000","-1.69","117500","118000","116000","2755724","321254510500","84448274340000","728002365"
"2021/08/06","118000","-2000","-1.67","119000","119500","117500","2209875","261328264000","85904279070000","728002365"
"2021/08/05","120000","-1000","-0.83","121000","121500","118000","3491584","417741836000","87360283800000","728002365"
"2021/08/04","121000","1000","0.83","122000","123000","120500","4162635","506426204500","88088286165000","728002365"
"2021/08/03","120000","4000","3.45","118000","120500","117000","4396423","525012153500","87360283800000","728002365"
"2021/08/02","116000","3500","3.11","113500","117000","113000","4276730","492894553500","84448274340000","728002365"
"2021/07/30","112500","-1500","-1.32","114000","114000","112500","2888566","326825146865","81900266062500","728002365"
"2021/07/29","114000","0","0.00","115000","115500","113000","3054699","348087662000","82992269610000","728002365"
"2021/07/28","114000","-2000","-1.72","115000","115500","112500","6033084","686796711695","82992269610000","728002365"
"2021/07/27","116000","-1000","-0.85","118000","119000","116000","2916330","341652828000","84448274340000","728002365"
"2021/07/26","117000","-1500","-1.27","119500","120000","117000","1836657","216665648500","85176276705000","728002365"
"2021/07/23","118500","-1000","-0.84","118500","119000","117500","1747651","206437390500","86268280252500","728002365"
"2021/07/22","119500","2500","2.14","118000","120000","118000","1919233","229044298500","86996282617500","728002365"
"2021/07/21","117000","-1500","-1.27","119500","120000","116500","2864601","336751082000","85176276705000","728002365"
"2021/07/20","118500","-500","-0.42","117500","119500","117500","2070074","245208899000","86268280252500","728002365"
"2021/07/19","119000","-2500","-2.06","119000","120000","118500","2066638","246069384100","86632281435000","728002365"
"2021/07/16","121500","-2000","-1.62","122000","122500","120500","2905546","352105296000","88452287347500","728002365"
"2021/07/15","123500","0","0.00","123500","124000","122500","1500981","185185753500","89908292077500","728002365"
"2021/07/14","123500","500","0.41","122500","124000","121500","2443087","300251945500","89908292077500","728002365"
"2021/07/13","123000","3000","2.50","121000","123500","121000","2879072","353148544500","89544290895000","728002365"
"2021/07/12","120000","500","0.42","121000","122000","119500","2477201","298968546740","87360283800000","728002365"
"2021/07/09","119500","-2000","-1.65","120500","120500","118000","4823577","572864270909","86996282617500","728002365"
"2021/07/08","121500","-2000","-1.62","123500","123500","121000","3165552","385948367500","88452287347500","728002365"
"2021/07/07","123500","-1500","-1.20","125000","125500","122500","2229140","275048469500","89908292077500","728002365"
"2021/07/06","125000","2000","1.63","124000","126000","123500","2067135","258715481000","91000295625000","728002365"
"2021/07/05","123000","500","0.41","123500","124500","122500","1632551","201788320500","89544290895000","728002365"
"2021/07/02","122500","-2000","-1.61","122500","123500","121500","3983921","488166299825","89180289712500","728002365"
"2021/07/01","124500","-3000","-2.35","127500","128000","124000","3336174","417469163256","90636294442500","728002365"
"2021/06/30","127500","2500","2.00","126500","129500","126000","4346027","557285330300","92820301537500","728002365"
"2021/06/29","125000","-1000","-0.79","127500","128000","125000","2211572","278678507000","91000295625000","728002365"
"2021/06/28","126000","-2500","-1.95","129000","129500","126000","2402730","305054504500","91728297990000","728002365"
"2021/06/25","128500","2500","1.98","128000","129000","127500","2531018","324807842500","93548303902500","728002365"
"2021/06/24","126000","2000","1.61","124000","126500","123500","2646407","332400564000","91728297990000","728002365"
"2021/06/23","124000","2000","1.64","122500","124500","122000","2703658","333503792000","90272293260000","728002365"
"2021/06/22","122000","0","0.00","122500","123500","122000","2179712","266501577312","88816288530000","728002365"
"2021/06/21","122000","-2500","-2.01","121000","123000","120500","3275288","398859617500","88816288530000","728002365"
"2021/06/18","124500","-2000","-1.58","127500","127500","124500","2506112","314308082000","90636294442500","728002365"
"2021/06/17","126500","-3000","-2.32","127000","128000","126000","2123793","268807728000","92092299172500","728002365"
"2021/06/16","129500","1000","0.78","128000","129500","127000","1893752","243901543046","94276306267500","728002365"
"2021/06/15","128500","1500","1.18","128500","129500","128000","1975082","254015860000","93548303902500","728002365"
"2021/06/14","127000","-1000","-0.78","127000","127500","125500","2022730","256163790000","92456300355000","728002365"
"2021/06/11","128000","5000","4.07","124500","128500","124000","4868608","616364167677","93184302720000","728002365"
"2021/06/10","123000","500","0.41","122500","124000","120500","4533076","555657709500","89544290895000","728002365"
"2021/06/09","122500","-5000","-3.92","125500","126000","122500","6087592","753815327750","89180289712500","728002365"
"2021/06/08","127500","-1000","-0.78","127000","127500","125000","4194955","530430765200","92820301537500","728002365"
"2021/06/07","128500","0","0.00","129500","130000","128000","2562918","330495929500","93548303902500","728002365"
"2021/06/04","128500","-500","-0.39","127500","129000","126500","2555891","326224466000","93548303902500","728002365"
"2021/06/03","129000","3000","2.38","127000","130000","126500","3353993","431738907500","93912305085000","728002365"
"2021/06/02","126000","-2500","-1.95","128500","129000","125500","2885654","366063591000","91728297990000","728002365"
"2021/06/01","128500","1500","1.18","127000","129000","126000","2819179","361144242000","93548303902500","728002365"
"2021/05/31","127000","2000","1.60","126000","127000","124000","2448074","307757152500","92456300355000","728002365"
"2021/05/28","125000","-500","-0.40","126500","126500","124000","2332971","292477328500","91000295625000","728002365"
"2021/05/27","125500","2500","2.03","124500","126000","123000","4539067","565959868106","91364296807500","728002365"
"2021/05/26","123000","0","0.00","124000","124500","122000","3015522","371449108512","89544290895000","728002365"
"2021/05/25","123000","3500","2.93","121500","123000","120500","3258364","397750334250","89544290895000","728002365"
"2021/05/24","119500","-3000","-2.45","122000","122500","119000","3188734","382902166000","86996282617500","728002365"
"2021/05/21","122500","0","0.00","124500","125500","121000","4062695","500739197500","89180289712500","728002365"
"2021/05/20","122500","1500","1.24","121000","124000","119500","4600751","562459757000","89180289712500","728002365"
"2021/05/18","121000","3500","2.98","117500","122000","117500","3470048","418341013500","88088286165000","728002365"
"2021/05/17","117500","-1000","-0.84","120000","120000","117000","3110127","367395250748","85540277887500","728002365"
"2021/05/14","118500","1000","0.85","118500","120000","118000","3227201","383650636500","86268280252500","728002365"
"2021/05/13","117500","-2000","-1.67","116000","118500","115500","6042025","707490660500","85540277887500","728002365"
"2021/05/12","119500","-3500","-2.85","123000","123500","119000","8272196","998375160153","86996282617500","728002365"
"2021/05/11","123000","-7000","-5.38","127000","127500","122000","9882491","1225765601800","89544290895000","728002365"
"2021/05/10","130000","500","0.39","131000","131000","128500","3067077","398135275000","94640307450000","728002365"
"2021/05/07","129500","500","0.39","128000","131000","127000","3450323","445020959500","94276306267500","728002365"
"2021/05/06","129000","-3000","-2.27","130000","130500","128000","4211535","543180636500","93912305085000","728002365"
"2021/05/04","132000","500","0.38","130500","132000","129000","2547004","333537768352","96096312180000","728002365"
"2021/05/03","131500","3500","2.73","127500","132500","127000","4085398","534203731108","95732310997500","728002365"
"2021/04/30","128000","-2000","-1.54","130000","130500","126500","3955947","506549397500","93184302720000","728002365"
"2021/04/29","130000","0","0.00","132000","133000","129000","3738266","487221837000","94640307450000","728002365"
"2021/04/28","130000","-5000","-3.70","134500","135000","130000","5596760","734187787360","94640307450000","728002365"
"2021/04/27","135000","3500","2.66","133000","136000","132500","3394650","455614278000","98280319275000","728002365"
"2021/04/26","131500","-1000","-0.75","132500","132500","130500","2904879","381267205572","95732310997500","728002365"
"2021/04/23","132500","-500","-0.38","130500","132500","128500","4854412","633954956100","96460313362500","728002365"
"2021/04/22","133000","500","0.38","134500","135500","133000","3007457","402386612000","96824314545000","728002365"
"2021/04/21","132500","-6000","-4.33","138000","138000","132000","5120577","689155249952","96460313362500","728002365"
"2021/04/20","138500","500","0.36","136500","138500","136500","2167732","297980160500","100828327552500","728002365"
"2021/04/19","138000","500","0.36","138000","139000","137000","1906782","263337076500","100464326370000","728002365"
"2021/04/16","137500","0","0.00","138500","139000","137500","1982877","273899499636","100100325187500","728002365"
"2021/04/15","137500","500","0.36","136000","139000","136000","2291160","315231075500","100100325187500","728002365"
"2021/04/14","137000","-2500","-1.79","139000","139000","136500","2777203","381902748000","99736324005000","728002365"
"2021/04/13","139500","2000","1.45","136000","140000","135500","2876178","398264674500","101556329917500","728002365"
"2021/04/12","137500","-2500","-1.79","140500","140500","136000","3878457","534353588500","100100325187500","728002365"
"2021/04/09","140000","-4000","-2.78","144000","145000","139500","3276077","464472291000","101920331100000","728002365"
"2021/04/08","144000","500","0.35","143500","146000","142500","3774932","543862222000","104832340560000","728002365"
"2021/04/07","143500","500","0.35","146000","146000","142500","2424687","348944024000","104468339377500","728002365"
"2021/04/06","143000","0","0.00","147000","147000","141500","3753217","540574718000","104104338195000","728002365"
"2021/04/05","143000","2000","1.42","142000","144500","141000","2616440","373549552500","104104338195000","728002365"
"2021/04/02","141000","500","0.36","142000","143000","140000","3432245","485467791000","102648333465000","728002365"
"2021/04/01","140500","8000","6.04","138000","140500","136500","5833436","807748318500","102284332282500","728002365"
"2021/03/31","132500","-2000","-1.49","134500","135000","132000","3309680","441276843000","96460313362500","728002365"
"2021/03/30","134500","2500","1.89","133000","135500","132000","3304184","443218978500","97916318092500","728002365"
"2021/03/29","132000","-3000","-2.22","135500","135500","131500","3575226","476795085000","96096312180000","728002365"
"2021/03/26","135000","2000","1.50","134000","135000","132000","3835443","513429099500","98280319275000","728002365"
"2021/03/25","133000","-500","-0.37","133000","134500","130500","4157799","550754976000","96824314545000","728002365"
"2021/03/24","133500","-1500","-1.11","133000","134500","131500","3894080","517991222000","97188315727500","728002365"
"2021/03/23","135000","-3000","-2.17","139000","139500","134000","3839090","523290811000","98280319275000","728002365"
"2021/03/22","138000","0","0.00","138500","140000","137000","2727719","377822972114","100464326370000","728002365"
"2021/03/19","138000","-4000","-2.82","138000","139500","137000","4015627","555490290001","100464326370000","728002365"
"2021/03/18","142000","2000","1.43","142500","145000","141000","4426840","634074763962","103376335830000","728002365"
"2021/03/17","140000","-500","-0.36","141000","141000","138500","2588319","361508821193","101920331100000","728002365"
"2021/03/16","140500","4000","2.93","138500","140500","138000","3304561","461097954500","102284332282500","728002365"
"2021/03/15","136500","-3500","-2.50","141500","142000","136000","4289990","594535565128","99372322822500","728002365"
"2021/03/12","140000","3000","2.19","140500","142500","139500","4548695","640529865500","101920331100000","728002365"
"2021/03/11","137000","4000","3.01","134500","139000","134000","6707671","918735821750","99736324005000","728002365"
"2021/03/10","133000","-3500","-2.56","140500","140500","132500","5614476","763400710000","96824314545000","728002365"
"2021/03/09","136500","1000","0.74","134000","137500","130500","7822152","1043442973500","99372322822500","728002365"
"2021/03/08","135500","-4500","-3.21","143000","143000","135500","5587787","775259164000","98644320457500","728002365"
"2021/03/05","140000","-2000","-1.41","138000","141500","136500","6091444","844271259500","101920331100000","728002365"
"2021/03/04","142000","-5000","-3.40","143000","145500","139500","6586562","938397280000","103376335830000","728002365"
"2021/03/03","147000","2500","1.73","142500","147000","139500","5827221","839569020500","107016347655000","728002365"
"2021/03/02","144500","3000","2.12","149000","150500","141000","9376523","1365279622000","105196341742500","728002365"
"2021/02/26","141500","-7000","-4.71","143500","145000","138000","10843268","1535498840671","103012334647500","728002365"
"2021/02/25","148500","12500","9.19","141000","149500","140000","9936495","1438187787500","108108351202500","728002365"
"2021/02/24","136000","-2500","-1.81","137500","143500","134000","9074809","1264050755000","99008321640000","728002365"
"2021/02/23","138500","2000","1.47","133500","140000","131500","6400037","873598454500","100828327552500","728002365"
"2021/02/22","136500","3500","2.63","136000","139500","135000","7961516","1092811602500","99372322822500","728002365"
"2021/02/19","133000","7000","5.56","129000","133000","128500","6986526","914800423000","96824314545000","728002365"
"2021/02/18","126000","-4000","-3.08","128500","130000","125500","3792425","481974907500","91728297990000","728002365"
"2021/02/17","130000","-2500","-1.89","131000","131000","128000","3621178","468148482000","94640307450000","728002365"
"2021/02/16","132500","500","0.38","132500","134000","130500","3218689","425572619500","96460313362500","728002365"
"2021/02/15","132000","6000","4.76","130000","132500","130000","5384526","706594091200","96096312180000","728002365"
"2021/02/10","126000","500","0.40","125500","127000","124500","4262526","535406551607","91728297990000","728002365"
"2021/02/09","125500","500","0.40","127500","130000","125000","5177095","661250037500","91364296807500","728002365"
"2021/02/08","125000","-2500","-1.96","127500","128000","125000","2876471","363162815286","91000295625000","728002365"
"2021/02/05","127500","2500","2.00","126500","128000","124500","3497303","441554489000","92820301537500","728002365"
"2021/02/04","125000","-5000","-3.85","127500","128500","124000","4600618","577965896500","91000295625000","728002365"
"2021/02/03","130000","0","0.00","131000","131500","128500","3693688","480587348500","94640307450000","728002365"
"2021/02/02","130000","5000","4.00","128500","132500","127000","4880067","633539068640","94640307450000","728002365"
"2021/02/01","125000","2500","2.04","121000","126000","118000","5620305","690136396500","91000295625000","728002365"
"2021/01/29","122500","-500","-0.41","128500","128500","121500","7391307","921708206384","89180289712500","728002365"
"2021/01/28","123000","-5500","-4.28","124000","125500","121500","6270829","774835802830","89544290895000","728002365"
"2021/01/27","128500","-500","-0.39","129500","132000","127500","5068456","656028088120","93548303902500","728002365"
"2021/01/26","129000","-6000","-4.44","134000","134000","128500","6270106","816274767458","93912305085000","728002365"
"2021/01/25","135000","6500","5.06","130000","135000","129500","5061864","675657932860","98280319275000","728002365"
"2021/01/22","128500","-3000","-2.28","131500","132000","128500","3927767","511059802500","93548303902500","728002365"
"2021/01/21","131500","1000","0.77","131500","133000","130000","3067677","402667707500","95732310997500","728002365"
"2021/01/20","130500","0","0.00","134000","135000","130000","4913282","649021375524","95004308632500","728002365"
"2021/01/19","130500","500","0.38","131000","132000","128500","4513315","589182407500","95004308632500","728002365"
"2021/01/18","130000","2500","1.96","126000","131000","125000","5927419","758360216500","94640307450000","728002365"
"2021/01/15","127500","-3000","-2.30","133000","135000","127000","4838114","627291098793","92820301537500","728002365"
"2021/01/14","130500","-2500","-1.88","132500","133000","129000","5380278","702426036508","95004308632500","728002365"
"2021/01/13","133000","4000","3.10","129000","133500","128500","6791044","891281070500","96824314545000","728002365"
"2021/01/12","129000","-4000","-3.01","132000","133500","125500","8700877","1121945369000","93912305085000","728002365"
"2021/01/11","133000","-5000","-3.62","138000","140000","131000","11154671","1509734062000","96824314545000","728002365"
"2021/01/08","138000","3500","2.60","136000","138000","132500","8713010","1181148895500","100464326370000","728002365"
"2021/01/07","134500","3500","2.67","132500","137500","131500","5981299","810152555214","97916318092500","728002365"
"2021/01/06","131000","500","0.38","132500","137000","130000","8525749","1132130170500","95368309815000","728002365"
"2021/01/05","130500","4500","3.57","124500","132500","124000","7180224","920710588023","95004308632500","728002365"
"2021/01/04","126000","7500","6.33","124500","128000","120500","7995016","994276505704","91728297990000","728002365"
"2020/12/30","118500","2500","2.16","116000","118500","114500","4195192","489962294500","86268280252500","728002365"
"2020/12/29","116000","500","0.43","118000","118500","114000","4208916","488461750000","84448274340000","728002365"
"2020/12/28","115500","-2500","-2.12","119000","119500","115000","4825132","567198040500","84084273157500","728002365"
"2020/12/24","118000","2000","1.72","116000","118500","115500","3486636","409772029000","85904279070000","728002365"
"2020/12/23","116000","3500","3.11","113000","116000","112500","3173156","363208092500","84448274340000","728002365"
"2020/12/22","112500","-3500","-3.02","115000","115500","112500","4270842","485295511328","81900266062500","728002365"
"2020/12/21","116000","-2500","-2.11","118000","118000","114500","3585805","414706891903","84448274340000","728002365"
"2020/12/18","118500","-1000","-0.84","118500","119000","117500","3010798","355947794780","86268280252500","728002365"
"2020/12/17","119500","2000","1.70","118500","119500","117000","3649945","432269984000","86996282617500","728002365"
"2020/12/16","117500","0","0.00","119000","119500","117000","2213552","260552844500","85540277887500","728002365"
"2020/12/15","117500","500","0.43","118500","118500","115000","2755902","321349838500","85540277887500","728002365"
"2020/12/14","117000","1500","1.30","116000","119000","115500","3066761","359109177587","85176276705000","728002365"
"2020/12/11","115500","-1000","-0.86","118000","118000","115000","3944552","458289098500","84084273157500","728002365"
"2020/12/10","116500","-4000","-3.32","117000","118500","115500","8205744","959915015500","84812275522500","728002365"
"2020/12/09","120500","5500","4.78","116000","121000","115000","5490760","651044989000","87724284982500","728002365"
"2020/12/08","115000","-3000","-2.54","118000","118000","114000","4536460","524960729736","83720271975000","728002365"
"2020/12/07","118000","3000","2.61","118500","120000","116000","5191354","613379321750","85904279070000","728002365"
"2020/12/04","115000","3500","3.14","116000","119500","112500","8258814","958024798000","83720271975000","728002365"
"2020/12/03","111500","2500","2.29","110500","114500","109000","6617912","735573889408","81172263697500","728002365"
"2020/12/02","109000","8500","8.46","103000","109500","103000","7488361","803615355500","79352257785000","728002365"
"2020/12/01","100500","3000","3.08","98600","101500","97800","4455519","446056404700","73164237682500","728002365"
"2020/11/30","97500","-1300","-1.32","99700","99800","97300","3877841","379627794667","70980230587500","728002365"
"2020/11/27","98800","-600","-0.60","99600","99900","98200","1976047","195380321200","71926633662000","728002365"
"2020/11/26","99400","2200","2.26","96800","99500","96300","2933290","288277274800","72363435081000","728002365"
"2020/11/25","97200","-1400","-1.42","100500","100500","96300","4081524","400555988900","70761829878000","728002365"
"2020/11/24","98600","-1400","-1.40","101000","102000","98300","3766043","375181810246","71781033189000","728002365"
"2020/11/23","100000","3200","3.31","97300","101000","96600","4149013","413915943700","72800236500000","728002365"
"2020/11/20","96800","-1400","-1.43","99000","99000","96800","2424003","236121198500","70470628932000","728002365"
"2020/11/19","98200","200","0.20","96200","98300","96000","2766688","269481229700","71489832243000","728002365"
"2020/11/18","98000","-100","-0.10","99800","100500","96600","3734037","366662518288","71344231770000","728002365"
"2020/11/17","98100","100","0.10","97400","99600","96500","5218295","513426181370","71417032006500","728002365"
"2020/11/16","98000","8300","9.25","92100","98100","91100","9274278","885204121740","71344231770000","728002365"
"2020/11/13","89700","1600","1.82","88100","90000","87500","3774278","337060042300","65301812140500","728002365"
"2020/11/12","88100","1100","1.26","87600","88400","87000","4006433","351888492600","64137008356500","728002365"
"2020/11/11","87000","500","0.58","86100","87200","85900","2638617","229019677500","63336205755000","728002365"
"2020/11/10","86500","500","0.58","86900","87200","85900","2849783","246334269000","62972204572500","728002365"
"2020/11/09","86000","-300","-0.35","86500","87300","85600","2444330","211176309559","62608203390000","728002365"
"2020/11/06","86300","200","0.23","86500","87700","86000","2863808","247944677300","62826604099500","728002365"
"2020/11/05","86100","2900","3.49","84100","86200","83300","4082325","348613876600","62681003626500","728002365"
"2020/11/04","83200","1800","2.21","82100","84400","81200","3782296","313471937300","60569796768000","728002365"
"2020/11/03","81400","1800","2.26","79600","81400","79600","2057723","166103818500","59259392511000","728002365"
"2020/11/02","79600","-300","-0.38","80200","80600","79200","2000394","159651019600","57948988254000","728002365"
"2020/10/30","79900","-1800","-2.20","81600","82100","79900","2710477","219064698950","58167388963500","728002365"
"2020/10/29","81700","-1200","-1.45","81900","82400","81000","2637314","214752630200","59477793220500","728002365"
"2020/10/28","82900","300","0.36","82100","83600","82000","1773556","146796077400","60351396058500","728002365"
"2020/10/27","82600","-600","-0.72","82300","83400","81800","2265817","187252358800","60132995349000","728002365"
"2020/10/26","83200","-700","-0.83","84300","84700","83000","1662847","139286481800","60569796768000","728002365"
"2020/10/23","83900","600","0.72","82800","84700","82300","2609595","218627671300","61079398423500","728002365"
"2020/10/22","83300","-500","-0.60","84200","84300","82500","2593975","215562088236","60642597004500","728002365"
"2020/10/21","83800","-1400","-1.64","85300","86200","82800","4925877","414313821100","61006598187000","728002365"
"2020/10/20","85200","-1500","-1.73","85300","90900","83700","6622637","567966165400","62025801498000","728002365"
"2020/10/19","86700","1400","1.64","86100","87900","85800","3150011","274650442600","63117805045500","728002365"
"2020/10/16","85300","-1800","-2.07","87000","87900","84900","2435541","209686982700","62098601734500","728002365"
"2020/10/15","87100","600","0.69","86100","87300","85900","2802900","242746343700","63409005991500","728002365"
"2020/10/14","86500","-1700","-1.93","88000","88900","86100","3223767","281533136850","62972204572500","728002365"
"2020/10/13","88200","2700","3.16","85500","89000","84600","6375448","553188776354","64209808593000","728002365"
"2020/10/12","85500","2600","3.14","83900","85500","83500","4464264","379388682000","62244202207500","728002365"
"2020/10/08","82900","-500","-0.60","84300","84500","82900","3330824","277459883800","60351396058500","728002365"
"2020/10/07","83400","400","0.48","82900","83700","82500","2254356","187490033150","60715397241000","728002365"
"2020/10/06","83000","-200","-0.24","84000","84200","82600","2750145","228785586609","60424196295000","728002365"
"2020/10/05","83200","-800","-0.95","83000","84100","82300","3396894","282884127576","60569796768000","728002365"
"2020/09/29","84000","1500","1.82","83100","84900","82200","4707898","396447085300","61152198660000","728002365"
"2020/09/28","82500","-400","-0.48","83400","83700","81300","3154068","259586124900","60060195112500","728002365"
"2020/09/25","82900","-1400","-1.66","85800","85900","82200","3205596","268532032600","60351396058500","728002365"
"2020/09/24","84300","700","0.84","82800","85400","82300","6401560","541562339800","61370599369500","728002365"
"2020/09/23","83600","2300","2.83","82300","84800","80500","4439085","367169323600","60860997714000","728002365"
"2020/09/22","81300","-3200","-3.79","84400","84800","80200","4139983","340340683784","59186592274500","728002365"
"2020/09/21","84500","800","0.96","83700","85000","83600","4102947","346936913500","61516199842500","728002365"
"2020/09/18","83700","1500","1.82","82900","83900","82200","5199334","432538562400","60933797950500","728002365"
"2020/09/17","82200","700","0.86","81900","82900","81200","4055050","332692384768","59841794403000","728002365"
"2020/09/16","81500","-400","-0.49","81700","82400","80500","3119110","253675146400","59332192747500","728002365"
"2020/09/15","81900","1900","2.38","81300","82100","80200","5899410","481035213300","59623393693500","728002365"
"2020/09/14","80000","1600","2.04","79100","80100","78900","4099644","326791141400","58240189200000","728002365"
"2020/09/11","78400","1800","2.35","76700","78500","76300","2831262","219991757400","57075385416000","728002365"
"2020/09/10","76600","-700","-0.91","78000","78200","76600","3541520","272690710300","55764981159000","728002365"
"2020/09/09","77300","-2100","-2.64","77900","78400","77200","3918435","305036735025","56274582814500","728002365"
"2020/09/08","79400","1000","1.28","78700","80000","78200","3380355","267736731800","57803387781000","728002365"
"2020/09/07","78400","-300","-0.38","78600","79500","77600","2786930","218349968500","57075385416000","728002365"
"2020/09/04","78700","0","0.00","76400","79400","76100","4582566","357748053900","57293786125500","728002365"
"2020/09/03","78700","3200","4.24","77700","79700","77200","7002529","551333914770","57293786125500","728002365"
"2020/09/02","75500","300","0.40","75900","76400","74900","2369360","178744172820","54964178557500","728002365"
"2020/09/01","75200","100","0.13","75200","76500","75200","2538676","191845520800","54745777848000","728002365"
"2020/08/31","75100","-2700","-3.47","78200","78800","75100","5113128","388582174600","54672977611500","728002365"
"2020/08/28","77800","-1300","-1.64","79500","79600","77700","2511956","196420844304","56638583997000","728002365"
"2020/08/27","79100","300","0.38","80200","80200","78800","4223450","335794412800","57584987071500","728002365"
"2020/08/26","78800","1800","2.34","78000","79100","77100","4741965","371645530948","57366586362000","728002365"
"2020/08/25","77000","1500","1.99","76300","77700","75400","3473488","266311133590","56056182105000","728002365"
"2020/08/24","75500","1000","1.34","74600","77200","73700","4298619","326758783800","54964178557500","728002365"
"2020/08/21","74500","2700","3.76","72800","77000","72500","7700029","573840629600","54236176192500","728002365"
"2020/08/20","71800","-3200","-4.27","74400","74400","71300","7260223","525176256700","52270569807000","728002365"
"2020/08/19","75000","-3100","-3.97","77300","78000","75000","8028305","609790999800","54600177375000","728002365"
"2020/08/18","78100","-2100","-2.62","80000","80200","78000","4946279","391556333215","56856984706500","728002365"
"2020/08/14","80200","-500","-0.62","80200","81100","80100","2589552","207896270700","58385789673000","728002365"
"2020/08/13","80700","-300","-0.37","81900","82000","80300","4049387","328483224600","58749790855500","728002365"
"2020/08/12","81000","-300","-0.37","81100","81300","80200","3595828","289641970965","58968191565000","728002365"
"2020/08/11","81300","-100","-0.12","81700","82000","81000","3234013","263787032800","59186592274500","728002365"
"2020/08/10","81400","800","0.99","80100","81900","79800","3277238","265033012100","59259392511000","728002365"
"2020/08/07","80600","-500","-0.62","81200","81300","80000","4946631","397344111700","58676990619000","728002365"
"2020/08/06","81100","400","0.50","80700","81900","80700","3391939","275352872316","59040991801500","728002365"
"2020/08/05","80700","-900","-1.10","81200","81300","80500","4537005","366305427151","58749790855500","728002365"
"2020/08/04","81600","-200","-0.24","81800","82500","81400","3005937","245898247600","59404992984000","728002365"
"2020/08/03","81800","-1000","-1.21","82400","82600","81500","3483106","285292645200","59550593457000","728002365"
"2020/07/31","82800","-2500","-2.93","85700","86000","82800","4848989","405626780500","60278595822000","728002365"
"2020/07/30","85300","2100","2.52","83300","86400","83000","6870841","581215886250","62098601734500","728002365"
"2020/07/29","83200","100","0.12","82900","83800","82600","3719681","309547939100","60569796768000","728002365"
"2020/07/28","83100","300","0.36","83900","83900","82700","4538720","378147743500","60496996531500","728002365"
"2020/07/27","82800","-900","-1.08","83100","84000","82800","2784652","231629150440","60278595822000","728002365"
"2020/07/24","83700","1300","1.58","82300","83700","82200","3667416","304393422600","60933797950500","728002365"
"2020/07/23","82400","-800","-0.96","84000","84000","82300","3591647","297728783200","59987394876000","728002365"
"2020/07/22","83200","-900","-1.07","84100","84200","82900","2876295","239611385215","60569796768000","728002365"
"2020/07/21","84100","1900","2.31","83400","84700","83000","4181015","351360291700","61224998896500","728002365"
"2020/07/20","82200","-700","-0.84","82800","83000","82100","2008624","165380599100","59841794403000","728002365"
"2020/07/17","82900","200","0.24","82700","83500","82600","1579078","131040661300","60351396058500","728002365"
"2020/07/16","82700","-300","-0.36","83000","83100","82300","2312310","191183881500","60205795585500","728002365"
"2020/07/15","83000","100","0.12","83100","83900","82900","3024429","251923987700","60424196295000","728002365"
"2020/07/14","82900","-100","-0.12","82600","82900","82000","2048671","168607198500","60351396058500","728002365"
"2020/07/13","83000","200","0.24","83100","83500","82500","2080934","172499797800","60424196295000","728002365"
"2020/07/10","82800","-200","-0.24","83300","83500","82400","2201557","182243451800","60278595822000","728002365"
"2020/07/09","83000","-700","-0.84","84200","84600","83000","4002365","333613553000","60424196295000","728002365"
"2020/07/08","83700","-1100","-1.30","83800","84900","83600","3523620","295860393700","60933797950500","728002365"
"2020/07/07","84800","-1200","-1.40","87300","87300","84600","3196352","273456680600","61734600552000","728002365"
"2020/07/06","86000","600","0.70","86000","87000","85800","2561766","221380002600","62608203390000","728002365"
"2020/07/03","85400","1000","1.18","85000","85600","84500","2195897","186505562700","62171401971000","728002365"
"2020/07/02","84400","-900","-1.06","84800","85200","84000","3295340","278230270900","61443399606000","728002365"
"2020/07/01","85300","200","0.24","86800","87300","84900","2382552","204996625700","62098601734500","728002365"
"2020/06/30","85100","1500","1.79","86200","87300","85000","4983607","430210457400","61953001261500","728002365"
"2020/06/29","83600","-1000","-1.18","84000","85300","83500","2932433","246769859800","60860997714000","728002365"
"2020/06/26","84600","300","0.36","86000","86100","84500","2889494","246139912200","61589000079000","728002365"
"2020/06/25","84300","-1700","-1.98","84300","85600","84000","3397112","287640892200","61370599369500","728002365"
"2020/06/24","86000","1900","2.26","84200","87400","84000","4079834","351579333300","62608203390000","728002365"
"2020/06/23","84100","-800","-0.94","85600","86200","83900","2955819","250909342994","61224998896500","728002365"
"2020/06/22","84900","-500","-0.59","84400","85900","84300","2167216","184277657069","61807400788500","728002365"
"2020/06/19","85400","-800","-0.93","86500","87000","84500","3216102","274017470400","62171401971000","728002365"
"2020/06/18","86200","-600","-0.69","86100","86800","85400","2484147","214033924700","62753803863000","728002365"
"2020/06/17","86800","1400","1.64","84800","87400","83500","4160612","356040819900","63190605282000","728002365"
"2020/06/16","85400","3400","4.15","83400","85700","83300","3518785","297336837700","62171401971000","728002365"
"2020/06/15","82000","-3200","-3.76","84100","86500","82000","4710114","396586356900","59696193930000","728002365"
"2020/06/12","85200","-3300","-3.73","84500","85800","84500","4742329","403883993200","62025801498000","728002365"
"2020/06/11","88500","-2300","-2.53","89300","90300","87500","5467344","485630048000","64428209302500","728002365"
"2020/06/10","90800","1000","1.11","89800","91100","89400","3045250","275007902100","66102614742000","728002365"
"2020/06/09","89800","-1200","-1.32","91000","92000","89100","3410081","307723476800","65374612377000","728002365"
"2020/06/08","91000","600","0.66","93000","93000","90600","3789382","346478342640","66248215215000","728002365"
"2020/06/05","90400","2700","3.08","88500","90800","87700","4000557","358740057800","65811413796000","728002365"
"2020/06/04","87700","-1000","-1.13","90000","91600","87100","6678244","595240770900","63845807410500","728002365"
"2020/06/03","88700","5400","6.48","83400","89200","83400","11642239","1012026187762","64573809775500","728002365"
"2020/06/02","83300","-300","-0.36","82700","83600","82700","3114162","258791969450","60642597004500","728002365"
"2020/06/01","83600","2100","2.58","82100","83700","82100","4205357","349710396100","60860997714000","728002365"
"2020/05/29","81500","-2400","-2.86","82600","82700","81300","6815185","557500644200","59332192747500","728002365"
"2020/05/28","83900","2500","3.07","84100","85400","82400","9227823","776596090592","61079398423500","728002365"
"2020/05/27","81400","-500","-0.61","81100","82700","81000","2946278","240865818990","59259392511000","728002365"
"2020/05/26","81900","500","0.61","80600","82100","80600","3040122","247709750400","59623393693500","728002365"
"2020/05/25","81400","100","0.12","81500","81800","80500","2850294","230731969000","59259392511000","728002365"
"2020/05/22","81300","-2100","-2.52","83100","83300","81000","3471700","283592909300","59186592274500","728002365"
"2020/05/21","83400","-700","-0.83","84900","84900","83200","2678953","224639563000","60715397241000","728002365"
"2020/05/20","84100","1400","1.69","81900","84200","81800","3924403","327323761395","61224998896500","728002365"
"2020/05/19","82700","1600","1.97","82400","83200","81700","4620614","381008846900","60205795585500","728002365"
"2020/05/18","81100","-800","-0.98","80400","81800","79200","5294177","426512754530","59040991801500","728002365"
"2020/05/15","81900","1300","1.61","81500","82300","80700","4168866","339736705600","59623393693500","728002365"
"2020/05/14","80600","-3000","-3.59","82200","82500","80600","6409652","520451344900","58676990619000","728002365"
"2020/05/13","83600","-2100","-2.45","83500","84100","83000","5371416","448167261677","60860997714000","728002365"
"2020/05/12","85700","1200","1.42","84500","86500","83200","3574409","303812954200","62389802680500","728002365"
"2020/05/11","84500","-500","-0.59","84500","85200","84100","2800047","236843648850","61516199842500","728002365"
"2020/05/08","85000","2600","3.16","83000","85500","83000","5039635","425646243900","61880201025000","728002365"
"2020/05/07","82400","0","0.00","82400","83400","81800","2660512","220302375800","59987394876000","728002365"
"2020/05/06","82400","1400","1.73","82000","82500","80900","3351424","274199173244","59987394876000","728002365"
"2020/05/04","81000","-2700","-3.23","82900","82900","80800","5280026","430739726900","58968191565000","728002365"
"2020/04/29","83700","300","0.36","83500","84800","82900","3750568","315313111200","60933797950500","728002365"
"2020/04/28","83400","800","0.97","82500","83900","82400","3205535","266768527800","60715397241000","728002365"
"2020/04/27","82600","1200","1.47","81700","83200","81200","3235430","266705549100","60132995349000","728002365"
"2020/04/24","81400","-1200","-1.45","82000","82500","80800","3193144","260273777200","59259392511000","728002365"
"2020/04/23","82600","-1300","-1.55","85200","85200","82000","6519481","542404167500","60132995349000","728002365"
"2020/04/22","83900","2600","3.20","80600","83900","80000","5335787","438225875923","61079398423500","728002365"
"2020/04/21","81300","-700","-0.85","80600","82200","80200","5090721","412144588000","59186592274500","728002365"
"2020/04/20","82000","-2100","-2.50","83900","83900","82000","5027876","415413055400","59696193930000","728002365"
"2020/04/17","84100","2800","3.44","83600","85900","83200","6205624","525538253400","61224998896500","728002365"
"2020/04/16","81300","-1000","-1.22","80600","82300","80600","4470072","363739453100","59186592274500","728002365"
"2020/04/14","82300","900","1.11","82200","83700","81200","3344109","276219167400","59914594639500","728002365"
"2020/04/13","81400","-2700","-3.21","83200","83400","81100","3615318","295668237500","59259392511000","728002365"
"2020/04/10","84100","-900","-1.06","84000","84400","83000","3675338","307149070600","61224998896500","728002365"
"2020/04/09","85000","500","0.59","86200","86500","84500","3555538","303325533115","61880201025000","728002365"
"2020/04/08","84500","-1300","-1.52","85800","86500","84500","3749575","320975559100","61516199842500","728002365"
"2020/04/07","85800","2700","3.25","86600","86700","83700","6188649","529030193466","62462602917000","728002365"
"2020/04/06","83100","3500","4.40","81000","83300","80200","5784159","472063035650","60496996531500","728002365"
"2020/04/03","79600","-400","-0.50","80000","80800","78500","3755301","299316905200","57948988254000","728002365"
"2020/04/02","80000","1600","2.04","78800","80000","76500","5394371","423908686500","58240189200000","728002365"
"2020/04/01","78400","-4900","-5.88","82100","83200","78400","6845675","552936384600","57075385416000","728002365"
"2020/03/31","83300","-400","-0.48","84000","85500","82000","5333479","446475912600","60642597004500","728002365"
"2020/03/30","83700","400","0.48","81000","84900","80000","5270037","433405493300","60933797950500","728002365"
"2020/03/27","83300","2600","3.22","85700","85700","80500","8085695","673273497500","60642597004500","728002365"
"2020/03/26","80700","-3800","-4.50","85000","87900","80400","7895289","665668652900","58749790855500","728002365"
"2020/03/25","84500","5800","7.37","82000","84700","79800","8787217","723676328900","61516199842500","728002365"
"2020/03/24","78700","9300","13.40","73000","78800","72100","7247345","548981912800","57293786125500","728002365"
"2020/03/23","69400","-5400","-7.22","69700","71600","68000","8192363","571262544100","50523364131000","728002365"
"2020/03/20","74800","5800","8.41","71800","76200","70100","8750101","641208325400","54454576902000","728002365"
"2020/03/19","69000","-4100","-5.61","75500","75800","65800","11140367","779503807600","50232163185000","728002365"
"2020/03/18","73100","-7300","-9.08","81600","82500","73000","7949482","623664695334","53216972881500","728002365"
"2020/03/17","80400","-200","-0.25","77500","83100","77000","7107436","569068819100","58531390146000","728002365"
"2020/03/16","80600","-1900","-2.30","83700","84800","80400","5097762","420941604000","58676990619000","728002365"
"2020/03/13","82500","-300","-0.36","76900","84700","76000","8160758","651864081500","60060195112500","728002365"
"2020/03/12","82800","-2700","-3.16","83800","84600","79600","8191818","675100578672","60278595822000","728002365"
"2020/03/11","85500","-3600","-4.04","88200","88500","85100","5226251","452031290600","62244202207500","728002365"
"2020/03/10","89100","2200","2.53","86900","89400","86600","6579153","580356642350","64865010721500","728002365"
"2020/03/09","86900","-5700","-6.16","89500","89700","86400","6196552","544548246500","63263405518500","728002365"
"2020/03/06","92600","-2300","-2.42","93300","94300","92000","3281612","304717451900","67413018999000","728002365"
"2020/03/05","94900","600","0.64","95200","95900","93800","4028776","381457640000","69087424438500","728002365"
"2020/03/04","94300","1500","1.62","91300","95000","91300","4984561","468285374400","68650623019500","728002365"
"2020/03/03","92800","700","0.76","95000","95100","92400","5573006","524304568800","67558619472000","728002365"
"2020/03/02","92100","4200","4.78","90000","93100","88300","6382279","570845182500","67049017816500","728002365"
"2020/02/28","87900","-4900","-5.28","91000","92200","87700","8171939","730619364864","63991407883500","728002365"
"2020/02/27","92800","-1800","-1.90","94700","95300","92200","4644449","415950598516","67558619472000","728002365"
"2020/02/26","94600","-3400","-3.47","95500","96100","94400","6405409","607674362200","68869023729000","728002365"
"2020/02/25","98000","-1500","-1.51","97800","99100","96400","6594059","642885853650","71344231770000","728002365"
"2020/02/24","99500","-3500","-3.40","100500","100500","98900","5550758","553105215750","72436235317500","728002365"
"2020/02/21","103000","-1000","-0.96","101500","103500","101000","4064719","417997903622","74984243595000","728002365"
"2020/02/20","104000","500","0.48","104500","106000","102500","3093782","322602810500","75712245960000","728002365"
"2020/02/19","103500","1500","1.47","102500","103500","101000","2315634","237343921813","75348244777500","728002365"
"2020/02/18","102000","-3000","-2.86","104000","104500","101500","2789667","285910042510","74256241230000","728002365"
"2020/02/17","105000","500","0.48","104500","106000","103500","1190162","125043016000","76440248325000","728002365"
"2020/02/14","104500","2500","2.45","101500","105000","101000","1893163","196317446500","76076247142500","728002365"
"2020/02/13","102000","2000","2.00","101000","103500","100500","3519491","360061639000","74256241230000","728002365"
"2020/02/12","100000","200","0.20","100500","101000","99100","2616573","261388375700","72800236500000","728002365"
"2020/02/11","99800","1000","1.01","99900","100500","99000","1820578","181889222300","72654636027000","728002365"
"2020/02/10","98800","-500","-0.50","98000","99200","97400","1825648","179314948100","71926633662000","728002365"
"2020/02/07","99300","-1200","-1.19","100000","100500","98400","1827393","181411610600","72290634844500","728002365"
"2020/02/06","100500","2800","2.87","98900","101000","98300","2861441","284679342800","73164237682500","728002365"
"2020/02/05","97700","600","0.62","99300","99300","96900","2911995","285265098200","71125831060500","728002365"
"2020/02/04","97100","2400","2.53","94800","97500","94500","3169743","305409135550","70689029641500","728002365"
"2020/02/03","94700","1200","1.28","91800","95600","91500","3725535","349297577165","68941823965500","728002365"
"2020/01/31","93500","-500","-0.53","94500","97500","93500","4597139","437668470967","68068221127500","728002365"
"2020/01/30","94000","-3900","-3.98","97800","97800","93800","3223436","307740532800","68432222310000","728002365"
"2020/01/29","97900","1600","1.66","96900","99000","96700","2741459","268775657800","71271431533500","728002365"
"2020/01/28","96300","-2400","-2.43","95500","96900","95000","3630362","348138741600","70106627749500","728002365"
"2020/01/23","98700","-2300","-2.28","101000","101000","98200","2780104","275743291116","71853833425500","728002365"
"2020/01/22","101000","1700","1.71","99000","101000","99000","2257478","226671660200","73528238865000","728002365"
"2020/01/21","99300","-600","-0.60","100500","100500","99000","1483291","147839625650","72290634844500","728002365"
"2020/01/20","99900","900","0.91","100000","101000","99600","1781639","178632950800","72727436263500","728002365"
"2020/01/17","99000","-200","-0.20","100500","101500","98800","2246394","224263648700","72072234135000","728002365"
"2020/01/16","99200","1000","1.02","97400","99400","97400","2824804","277740736700","72217834608000","728002365"
"2020/01/15","98200","-2300","-2.29","99900","99900","98000","2745625","270372321400","71489832243000","728002365"
"2020/01/14","100500","0","0.00","101500","103500","99900","2913343","295668466900","73164237682500","728002365"
"2020/01/13","100500","1600","1.62","99000","101000","98000","2242008","222839393700","73164237682500","728002365"
"2020/01/10","98900","-100","-0.10","99100","99700","97900","2867925","283434637578","71999433898500","728002365"
"2020/01/09","99000","1600","1.64","98900","99000","97400","3586413","352618254100","72072234135000","728002365"
"2020/01/08","97400","3400","3.62","96400","99500","95200","7014748","683275806400","70907430351000","728002365"
"2020/01/07","94000","-300","-0.32","94500","95400","94000","2489429","235238505600","68432222310000","728002365"
"2020/01/06","94300","-200","-0.21","93000","95300","92800","2577573","243272130100","68650623019500","728002365"
"2020/01/03","94500","-200","-0.21","96500","97900","94300","3021380","289547983400","68796223492500","728002365"
"2020/01/02","94700","600","0.64","96000","96200","94100","2342070","222841408700","68941823965500","728002365"
"2019/12/30","94100","-1900","-1.98","95600","96300","94100","1862634","176605784000","68505022546500","728002365"
"2019/12/27","96000","1200","1.27","94800","97000","94200","2229470","214051531400","69888227040000","728002365"
"2019/12/26","94800","1000","1.07","94000","95100","93500","1559839","147464169900","69014624202000","728002365"
"2019/12/24","93800","-800","-0.85","95000","95600","93800","1464093","138254125000","68286621837000","728002365"
"2019/12/23","94600","-400","-0.42","95800","96200","94100","1720279","162845300100","68869023729000","728002365"
"2019/12/20","95000","1400","1.50","94100","95100","93700","2791176","264091139500","69160224675000","728002365"
"2019/12/19","93600","600","0.65","95400","96400","93400","4938375","468204781728","68141021364000","728002365"
"2019/12/18","93000","200","0.22","93400","94500","91800","3434310","319636559963","67704219945000","728002365"
"2019/12/17","92800","4200","4.74","91000","93800","90200","5070618","466466873700","67558619472000","728002365"
"2019/12/16","88600","700","0.80","87200","89400","87000","2652685","234531281100","64501009539000","728002365"
"2019/12/13","87900","4500","5.40","87200","88200","85800","5831965","509017661500","63991407883500","728002365"
"2019/12/12","83400","2800","3.47","82000","83500","82000","5247299","435755313568","60715397241000","728002365"
"2019/12/11","80600","-100","-0.12","80700","81000","80100","2009331","162019263700","58676990619000","728002365"
"2019/12/10","80700","0","0.00","79800","80900","79400","1831960","147169033500","58749790855500","728002365"
"2019/12/09","80700","100","0.12","81300","81800","80700","2290088","185932100100","58749790855500","728002365"
"2019/12/06","80600","1800","2.28","79300","80800","79100","3054204","245159604796","58676990619000","728002365"
"2019/12/05","78800","1100","1.42","79800","79900","78000","3667358","289220630750","57366586362000","728002365"
"2019/12/04","77700","-1000","-1.27","78000","78100","76800","6164549","478302862875","56565783760500","728002365"
"2019/12/03","78700","-1800","-2.24","78100","79300","77300","11657151","901427126176","57293786125500","728002365"
"2019/12/02","80500","-400","-0.49","80900","81800","80500","1945991","157474799890","58604190382500","728002365"
"2019/11/29","80900","-1900","-2.29","82500","82800","80700","2139440","173799273000","58895391328500","728002365"
"2019/11/28","82800","100","0.12","83100","83800","82500","1413983","117686527100","60278595822000","728002365"
"2019/11/27","82700","400","0.49","82400","83200","82000","1326621","109634701500","60205795585500","728002365"
"2019/11/26","82300","600","0.73","82000","84100","82000","4521090","374086444700","59914594639500","728002365"
"2019/11/25","81700","0","0.00","82300","83300","81500","2602474","213925218900","59477793220500","728002365"
"2019/11/22","81700","800","0.99","80900","82100","80700","2089767","170585265600","59477793220500","728002365"
"2019/11/21","80900","-1800","-2.18","81700","82500","80500","3346746","271077068200","58895391328500","728002365"
"2019/11/20","82700","-2600","-3.05","84400","85200","82600","3315169","277651346800","60205795585500","728002365"